{
  "input": {
    "selectedLeptonsCharge": [
      -1
    ], 
    "metP4": [
      113.21399688720703, 
      2.811619520187378
    ], 
    "selectedJetsBTag": [
      1.0, 
      1.0, 
      1.0, 
      1.0
    ], 
    "selectedJetsP4": [
      [
        95.01326751708984, 
        0.33003002405166626, 
        -0.48365047574043274, 
        16.27962303161621
      ], 
      [
        76.8600082397461, 
        0.6181369423866272, 
        1.470780611038208, 
        8.230942726135254
      ], 
      [
        48.33235168457031, 
        0.3848559558391571, 
        -1.9624470472335815, 
        11.132301330566406
      ], 
      [
        40.05256271362305, 
        1.2279536724090576, 
        0.5050682425498962, 
        8.429987907409668
      ]
    ], 
    "selectedLeptonsP4": [
      [
        36.26594543457031, 
        1.310942530632019, 
        -1.359321117401123, 
        0.10570000112056732
      ]
    ], 
    "selectedJetsCSV": [
      0.9862610697746277, 
      0.9082686305046082, 
      0.13588982820510864, 
      0.9963598847389221
    ]
  }, 
  "event": {
    "blr": 0.6419362917824943, 
    "cat": "sl_j4_t3", 
    "run": 1, 
    "event": 1321042, 
    "lumi": 6627
  }, 
  "output": {
    "p_tth": 2.539870600814615e-15, 
    "p_ttbb": 5.416534271538866e-15, 
    "p": 0.8242254734223272
  }
}


{
  "input": {
    "selectedLeptonsCharge": [
      1
    ], 
    "metP4": [
      63.7546501159668, 
      -2.6514720916748047
    ], 
    "selectedJetsBTag": [
      1.0, 
      1.0, 
      1.0, 
      1.0
    ], 
    "selectedJetsP4": [
      [
        191.86557006835938, 
        -0.6241675615310669, 
        1.1792173385620117, 
        20.570531845092773
      ], 
      [
        129.9795379638672, 
        -0.4937953054904938, 
        -2.4432456493377686, 
        16.447908401489258
      ], 
      [
        84.30154418945312, 
        -0.5513061881065369, 
        -0.4572226405143738, 
        9.747119903564453
      ], 
      [
        59.4731330871582, 
        0.41270121932029724, 
        -1.8598260879516602, 
        8.656646728515625
      ]
    ], 
    "selectedLeptonsP4": [
      [
        42.9910888671875, 
        -1.2192546129226685, 
        1.6405293941497803, 
        0.10570000112056732
      ]
    ], 
    "selectedJetsCSV": [
      0.9951890707015991, 
      0.9468069672584534, 
      0.1430148035287857, 
      0.9963400363922119
    ]
  }, 
  "event": {
    "blr": 0.8436028199565775, 
    "cat": "sl_j4_t3", 
    "run": 1, 
    "event": 1321050, 
    "lumi": 6627
  }, 
  "output": {
    "p_tth": 2.035965869754932e-15, 
    "p_ttbb": 3.901872296553502e-15, 
    "p": 0.8391745229308935
  }
}


{
  "input": {
    "selectedLeptonsCharge": [
      1
    ], 
    "metP4": [
      63.7546501159668, 
      -2.6514720916748047
    ], 
    "selectedJetsBTag": [
      1.0, 
      1.0, 
      1.0, 
      1.0,
      0.0,
      0.0,
      0.0
    ], 
    "selectedJetsP4": [
      [
        191.86557006835938, 
        -0.6241675615310669, 
        1.1792173385620117, 
        20.570531845092773
      ], 
      [
        129.9795379638672, 
        -0.4937953054904938, 
        -2.4432456493377686, 
        16.447908401489258
      ], 
      [
        84.30154418945312, 
        -0.5513061881065369, 
        -0.4572226405143738, 
        9.747119903564453
      ], 
      [
        59.4731330871582, 
        0.41270121932029724, 
        -1.8598260879516602, 
        8.656646728515625
      ],
      [
        59.4731330871582, 
        0.41270121932029724, 
        -1.8598260879516602, 
        8.656646728515625
      ],
      [
        59.4731330871582, 
        0.41270121932029724, 
        -1.8598260879516602, 
        8.656646728515625
      ]
    ], 
    "selectedLeptonsP4": [
      [
        42.9910888671875, 
        -1.2192546129226685, 
        1.6405293941497803, 
        0.10570000112056732
      ]
    ], 
    "selectedJetsCSV": [
      0.9951890707015991, 
      0.9468069672584534, 
      0.1430148035287857, 
      0.9963400363922119
    ], 
    "selectedJetsCSV": [
      0.9951890707015991, 
      0.9468069672584534, 
      0.1430148035287857, 
      0.9963400363922119
    ]
  }, 
  "event": {
    "blr": 0.8436028199565775, 
    "cat": "sl_j4_t3", 
    "run": 1, 
    "event": 1321050, 
    "lumi": 6627
  }, 
  "output": {
    "p_tth": 2.035965869754932e-15, 
    "p_ttbb": 3.901872296553502e-15, 
    "p": 0.8391745229308935
  }
}
