{
  "input": {
    "selectedLeptonsCharge": [
      -1, 
      1
    ], 
    "metP4": [
      45.685523986816406, 
      0.9771100282669067
    ], 
    "selectedJetsBTag": [
      1.0, 
      1.0, 
      1.0, 
      1.0
    ], 
    "selectedJetsP4": [
      [
        51.62411880493164, 
        -0.8125799298286438, 
        -3.0860791206359863, 
        7.721531867980957
      ], 
      [
        51.45940399169922, 
        -2.1350724697113037, 
        2.794322967529297, 
        6.909081935882568
      ], 
      [
        38.61643981933594, 
        -1.6606312990188599, 
        0.2091505527496338, 
        5.794722080230713
      ], 
      [
        22.914491653442383, 
        -0.4653875529766083, 
        -0.5745444893836975, 
        3.8986964225769043
      ]
    ], 
    "selectedLeptonsP4": [
      [
        63.742523193359375, 
        -1.606768250465393, 
        -0.6526610851287842, 
        0.10570000112056732
      ], 
      [
        30.206972122192383, 
        -1.7477864027023315, 
        1.7761988639831543, 
        0.015261447988450527
      ]
    ], 
    "selectedJetsCSV": [
      0.9703993797302246, 
      0.9765267372131348, 
      0.25212591886520386, 
      0.9976204633712769
    ]
  }, 
  "event": {
    "blr": 0.9437293948714178, 
    "cat": "dl_jge3_t3", 
    "run": 1, 
    "event": 1321053, 
    "lumi": 6627
  }, 
  "output": {
    "p_tth": 4.3024439510490315e-24, 
    "p_ttbb": 3.033327313376769e-23, 
    "p": 0.48601813957278067
  }
}


{
  "input": {
    "selectedLeptonsCharge": [
      -1, 
      1
    ], 
    "metP4": [
      45.685523986816406, 
      0.9771100282669067
    ], 
    "selectedJetsBTag": [
      1.0, 
      1.0, 
      0.0, 
      1.0, 
      1.0
    ], 
    "selectedJetsP4": [
      [
        52.86638084438229, 
        -2.1350724697113037, 
        2.794322967529297, 
        7.097986540347975
      ], 
      [
        52.57645770683049, 
        -0.8125799298286438, 
        -3.0860791206359863, 
        7.86397527138153
      ], 
      [
        39.72217657969297, 
        -1.6606312990188599, 
        0.2091505527496338, 
        5.960647195288972
      ], 
      [
        23.554571436953044, 
        -0.4653875529766083, 
        -0.5745444893836975, 
        4.007600290045503
      ], 
      [
        20.438073644455983, 
        0.3277823328971863, 
        0.4478108584880829, 
        3.4283049939974743
      ]
    ], 
    "selectedLeptonsP4": [
      [
        63.742523193359375, 
        -1.606768250465393, 
        -0.6526610851287842, 
        0.10570000112056732
      ], 
      [
        30.206972122192383, 
        -1.7477864027023315, 
        1.7761988639831543, 
        0.015261447988450527
      ]
    ], 
    "selectedJetsCSV": [
      0.9765267372131348, 
      0.9703993797302246, 
      0.25212591886520386, 
      0.9976204633712769, 
      0.5405164957046509
    ]
  }, 
  "event": {
    "blr": 0.9852671594498227, 
    "cat": "dl_jge3_t3", 
    "run": 1, 
    "event": 1321053, 
    "lumi": 6627
  }, 
  "output": {
    "p_tth": 5.123004245848808e-24, 
    "p_ttbb": 3.182862520599446e-23, 
    "p": 0.5176164476409233
  }
}


{
  "input": {
    "selectedLeptonsCharge": [
      -1, 
      1
    ], 
    "metP4": [
      45.685523986816406, 
      0.9771100282669067
    ], 
    "selectedJetsBTag": [
      1.0, 
      1.0, 
      1.0, 
      1.0
    ], 
    "selectedJetsP4": [
      [
        50.67177990303279, 
        -0.8125799298286438, 
        -3.0860791206359863, 
        7.579088464580384
      ], 
      [
        50.05242713901614, 
        -2.1350724697113037, 
        2.794322967529297, 
        6.720177331417161
      ], 
      [
        37.510703058978905, 
        -1.6606312990188599, 
        0.2091505527496338, 
        5.628796965172453
      ], 
      [
        22.274411869931726, 
        -0.4653875529766083, 
        -0.5745444893836975, 
        3.7897925551083054
      ]
    ], 
    "selectedLeptonsP4": [
      [
        63.742523193359375, 
        -1.606768250465393, 
        -0.6526610851287842, 
        0.10570000112056732
      ], 
      [
        30.206972122192383, 
        -1.7477864027023315, 
        1.7761988639831543, 
        0.015261447988450527
      ]
    ], 
    "selectedJetsCSV": [
      0.9703993797302246, 
      0.9765267372131348, 
      0.25212591886520386, 
      0.9976204633712769
    ]
  }, 
  "event": {
    "blr": 0.9437293948714178, 
    "cat": "dl_jge3_t3", 
    "run": 1, 
    "event": 1321053, 
    "lumi": 6627
  }, 
  "output": {
    "p_tth": 3.749984794745003e-24, 
    "p_ttbb": 2.9416281646351004e-23, 
    "p": 0.4594203140301597
  }
}


{
  "input": {
    "selectedLeptonsCharge": [
      1, 
      -1
    ], 
    "metP4": [
      137.22946166992188, 
      2.2225534915924072
    ], 
    "selectedJetsBTag": [
      0.0, 
      1.0, 
      1.0, 
      1.0, 
      1.0, 
      0.0, 
      0.0
    ], 
    "selectedJetsP4": [
      [
        265.7518005371094, 
        -0.31685739755630493, 
        -0.9849804043769836, 
        45.63552474975586
      ], 
      [
        124.9737548828125, 
        -0.1614566445350647, 
        1.9683345556259155, 
        13.16749095916748
      ], 
      [
        67.3013916015625, 
        -0.3618030548095703, 
        2.7446322441101074, 
        10.230154037475586
      ], 
      [
        44.73704528808594, 
        -0.8808133006095886, 
        -0.31153953075408936, 
        9.384617805480957
      ], 
      [
        37.805267333984375, 
        1.166765570640564, 
        1.7675135135650635, 
        6.8888115882873535
      ], 
      [
        35.00906753540039, 
        -1.0302045345306396, 
        -0.8591755628585815, 
        8.214665412902832
      ], 
      [
        27.47150421142578, 
        -1.7923449277877808, 
        -1.1853007078170776, 
        5.006280422210693
      ]
    ], 
    "selectedLeptonsP4": [
      [
        33.84752655029297, 
        0.2905169725418091, 
        1.200173258781433, 
        0.10570000112056732
      ], 
      [
        21.951082229614258, 
        0.02262590453028679, 
        -1.8481186628341675, 
        0.10570000112056732
      ]
    ], 
    "selectedJetsCSV": [
      0.334099143743515, 
      0.9982650876045227, 
      0.44671809673309326, 
      0.9999173283576965, 
      0.9996216297149658, 
      0.40715712308883667, 
      0.17278434336185455
    ]
  }, 
  "event": {
    "blr": 0.9968985705095621, 
    "cat": "dl_jge3_t3", 
    "run": 1, 
    "event": 1321054, 
    "lumi": 6627
  }, 
  "output": {
    "p_tth": 4.05342519471521e-24, 
    "p_ttbb": 5.617755774150463e-23, 
    "p": 0.32479215374738807
  }
}


{
  "input": {
    "selectedLeptonsCharge": [
      1, 
      -1
    ], 
    "metP4": [
      137.22946166992188, 
      2.2225534915924072
    ], 
    "selectedJetsBTag": [
      0.0, 
      1.0, 
      1.0, 
      1.0, 
      1.0, 
      0.0, 
      0.0
    ], 
    "selectedJetsP4": [
      [
        268.5029216197017, 
        -0.31685739755630493, 
        -0.9849804043769836, 
        46.10795373800907
      ], 
      [
        126.47231240230191, 
        -0.1614566445350647, 
        1.9683345556259155, 
        13.325382050846466
      ], 
      [
        68.3912223339274, 
        -0.3618030548095703, 
        2.7446322441101074, 
        10.395813855223082
      ], 
      [
        45.62632753676941, 
        -0.8808133006095886, 
        -0.31153953075408936, 
        9.571165083499686
      ], 
      [
        38.62923401733846, 
        1.166765570640564, 
        1.7675135135650635, 
        7.038953397535978
      ], 
      [
        35.82457739236778, 
        -1.0302045345306396, 
        -0.8591755628585815, 
        8.40601985583786
      ], 
      [
        28.366077211636206, 
        -1.7923449277877808, 
        -1.1853007078170776, 
        5.169303286292853
      ]
    ],