{
  "input": {
    "selectedLeptonsCharge": [
      -1
    ], 
    "metP4": [
      13.690855979919434, 
      -0.9709649085998535
    ], 
    "selectedJetsBTag": [
      0.0, 
      1.0, 
      1.0, 
      0.0, 
      1.0, 
      1.0
    ], 
    "selectedJetsP4": [
      [
        212.64321899414062, 
        -1.1310189962387085, 
        -2.2479400634765625, 
        23.479318618774414
      ], 
      [
        148.35699462890625, 
        -0.7880460023880005, 
        0.18277418613433838, 
        14.389786720275879
      ], 
      [
        138.43380737304688, 
        -0.46177706122398376, 
        0.9518152475357056, 
        14.387960433959961
      ], 
      [
        102.71691131591797, 
        -0.7008971571922302, 
        -1.868262767791748, 
        15.583745002746582
      ], 
      [
        75.9709243774414, 
        -0.2929758131504059, 
        1.979615569114685, 
        10.243027687072754
      ], 
      [
        49.048152923583984, 
        -0.7121066451072693, 
        -2.8363821506500244, 
        8.054824829101562
      ]
    ], 
    "selectedLeptonsP4": [
      [
        42.027706146240234, 
        -1.174377679824829, 
        0.9583204984664917, 
        0.10570000112056732
      ]
    ], 
    "selectedJetsCSV": [
      0.1452280730009079, 
      0.9880561828613281, 
      0.9652658104896545, 
      0.377670019865036, 
      0.9974308013916016, 
      0.8235482573509216
    ]
  }, 
  "event": {
    "blr": 0.9969171480930005, 
    "cat": "sl_jge6_t3", 
    "run": 1, 
    "event": 1321096, 
    "lumi": 6627
  }, 
  "output": {
    "p_tth": 6.762322763822843e-19, 
    "p_ttbb": 5.284963849398828e-19, 
    "p": 0.8950711434319947
  }
}


{
  "input": {
    "selectedLeptonsCharge": [
      -1
    ], 
    "metP4": [
      13.690855979919434, 
      -0.9709649085998535
    ], 
    "selectedJetsBTag": [
      0.0, 
      1.0, 
      1.0, 
      0.0, 
      1.0, 
      1.0
    ], 
    "selectedJetsP4": [
      [
        214.72502827325232, 
        -1.1310189962387085, 
        -2.2479400634765625, 
        23.70918469961629
      ], 
      [
        149.89957687730086, 
        -0.7880460023880005, 
        0.18277418613433838, 
        14.539408445954574
      ], 
      [
        139.85925953142325, 
        -0.46177706122398376, 
        0.9518152475357056, 
        14.53611318395949
      ], 
      [
        103.92603951160389, 
        -0.7008971571922302, 
        -1.868262767791748, 
        15.767188461431271
      ], 
      [
        76.94392955485827, 
        -0.2929758131504059, 
        1.979615569114685, 
        10.374216283942133
      ], 
      [
        49.83984460573299, 
        -0.7121066451072693, 
        -2.8363821506500244, 
        8.184838650994145
      ]
    ], 
    "selectedLeptonsP4": [
      [
        42.027706146240234, 
        -1.174377679824829, 
        0.9583204984664917, 
        0.10570000112056732
      ]
    ], 
    "selectedJetsCSV": [
      0.1452280730009079, 
      0.9880561828613281, 
      0.9652658104896545, 
      0.377670019865036, 
      0.9974308013916016, 
      0.8235482573509216
    ]
  }, 
  "event": {
    "blr": 0.9969171480930005, 
    "cat": "sl_jge6_t3", 
    "run": 1, 
    "event": 1321096, 
    "lumi": 6627
  }, 
  "output": {
    "p_tth": 6.960388974377416e-19, 
    "p_ttbb": 5.234417596328904e-19, 
    "p": 0.8986305070838693
  }
}


