{
  "input": {
    "selectedLeptonsCharge": [
      -1
    ], 
    "metP4": [
      50.397884368896484, 
      -0.3775789737701416
    ], 
    "selectedJetsBTag": [
      1.0, 
      1.0, 
      1.0, 
      0.0, 
      1.0
    ], 
    "selectedJetsP4": [
      [
        78.13516998291016, 
        0.1536090224981308, 
        1.9410333633422852, 
        11.136062622070312
      ], 
      [
        59.60081481933594, 
        0.13688574731349945, 
        1.4350167512893677, 
        8.541691780090332
      ], 
      [
        55.983673095703125, 
        -0.536950945854187, 
        -0.9825350642204285, 
        9.048433303833008
      ], 
      [
        32.095184326171875, 
        -0.11268769949674606, 
        -1.3714244365692139, 
        4.176784038543701
      ], 
      [
        31.406646728515625, 
        -0.38091230392456055, 
        -2.888817548751831, 
        5.6287994384765625
      ]
    ], 
    "selectedLeptonsP4": [
      [
        39.25281524658203, 
        -1.0965367555618286, 
        -2.474517822265625, 
        -0.01279891561716795
      ]
    ], 
    "selectedJetsCSV": [
      0.9108285903930664, 
      1.0, 
      0.7974849343299866, 
      0.14099572598934174, 
      0.1793823540210724
    ]
  }, 
  "event": {
    "blr": 0.380433997754284, 
    "cat": "sl_j5_t2", 
    "run": 1, 
    "event": 10501049, 
    "lumi": 105511
  }, 
  "output": {
    "p_tth": 1.4325069239280542e-15, 
    "p_ttbb": 7.736557461014455e-15, 
    "p": 0.64932062507834
  }
}


{
  "input": {
    "selectedLeptonsCharge": [
      1
    ], 
    "metP4": [
      40.24827194213867, 
      1.8768593072891235
    ], 
    "selectedJetsBTag": [
      1.0, 
      1.0, 
      1.0, 
      1.0
    ], 
    "selectedJetsP4": [
      [
        40.884300231933594, 
        -1.2254616022109985, 
        3.1383109092712402, 
        5.966643810272217
      ], 
      [
        36.088069915771484, 
        -1.3144124746322632, 
        1.7548742294311523, 
        7.509164333343506
      ], 
      [
        30.61847496032715, 
        -0.2909914255142212, 
        0.6957147717475891, 
        6.175698280334473
      ], 
      [
        30.53746223449707, 
        -0.26743027567863464, 
        -1.1983299255371094, 
        5.2720513343811035
      ]
    ], 
    "selectedLeptonsP4": [
      [
        54.422950744628906, 
        -1.1250861883163452, 
        -1.6873540878295898, 
        0.10570000112056732
      ]
    ], 
    "selectedJetsCSV": [
      0.9976358413696289, 
      0.23426684737205505, 
      0.3969164192676544, 
      0.9444712996482849
    ]
  }, 
  "event": {
    "blr": 0.07275830814400791, 
    "cat": "sl_j4_t2", 
    "run": 1, 
    "event": 10501185, 
    "lumi": 105512
  }, 
  "output": {
    "p_tth": 8.741315971875678e-16, 
    "p_ttbb": 2.167365798153983e-14, 
    "p": 0.28740172473151354
  }
}


{
  "input": {
    "selectedLeptonsCharge": [
      -1
    ], 
    "metP4": [
      57.721343994140625, 
      2.8697457313537598
    ], 
    "selectedJetsBTag": [
      1.0, 
      1.0, 
      1.0, 
      1.0
    ], 
    "selectedJetsP4": [
      [
        170.60020446777344, 
        -0.4854310154914856, 
        -2.1646625995635986, 
        21.88858413696289
      ], 
      [
        107.05272674560547, 
        -1.4959745407104492, 
        0.5560115575790405, 
        17.48312759399414
      ], 
      [
        51.1966438293457, 
        -0.8881568908691406, 
        -2.6583452224731445, 
        8.741310119628906
      ], 
      [
        30.47553253173828, 
        -1.8380426168441772, 
        -1.136952519416809, 
        4.726743221282959
      ]
    ], 
    "selectedLeptonsP4": [
      [
        120.98155975341797, 
        -0.5449100136756897, 
        0.9484423995018005, 
        0.022592468187212944
      ]
    ], 
    "selectedJetsCSV": [
      0.9950008988380432, 
      0.9905520081520081, 
      0.035145584493875504, 
      0.1572817862033844
    ]
  }, 
  "event": {
    "blr": 0.0027714562168899143, 
    "cat": "sl_j4_t2", 
    "run": 1, 
    "event": 10501202, 
    "lumi": 105512
  }, 
  "output": {
    "p_tth": 6.820956585049893e-15, 
    "p_ttbb": 2.5286910832651414e-13, 
    "p": 0.21243879253374046
  }
}


{
  "input": {
    "selectedLeptonsCharge": [
      1
    ], 
    "metP4": [
      52.12879180908203, 
      -2.4099490642547607
    ], 
    "selectedJetsBTag": [
      1.0, 
      1.0, 
      1.0, 
      1.0
    ], 
    "selectedJetsP4": [
      [
        72.55068969726562, 
        -2.2243897914886475, 
        2.3263282775878906, 
        10.711841583251953
      ], 
      [
        52.63505172729492, 
        -1.1153950691223145, 
        -1.4707528352737427, 
        9.800387382507324
      ], 
      [
        35.02263259887695, 
        -1.2088900804519653, 
        0.8568091988563538, 
        6.7593841552734375
      ], 
      [
        34.46564483642578, 
        -1.1365413665771484, 
        1.584958791732788, 
        7.42728853225708
      ]
    ], 
    "selectedLeptonsP4": [
      [
        44.4417839050293, 
        0.41671401262283325, 
        -0.48135465383529663, 
        0.10570000112056732
      ]
    ], 
    "selectedJetsCSV": [
      0.9655443429946899, 
      0.9998867511749268, 
      0.8610424995422363, 
      0.22326137125492096
    ]
  }, 
  "event": {
    "blr": 0.5717997727710155, 
    "cat": "sl_j4_t2", 
    "run": 1, 
    "event": 10509255, 
    "lumi": 105593
  }, 
  "output": {
    "p_tth": 2.7546258474356314e-14, 
    "p_ttbb": 9.21424280043944e-13, 
    "p": 0.23014922533423257
  }
}


{
  "input": {
    "selectedLeptonsCharge": [
      1
    ], 
    "metP4": [
      16.75172233581543, 
      -1.0490130186080933
    ], 
    "selectedJetsBTag": [
      1.0, 
      1.0, 
      1.0, 
      1.0
    ], 
    "selectedJetsP4": [
      [
        69.14210510253906, 
        0.2741672396659851, 
        1.4084950685501099, 
        12.0339937210083
      ], 
      [
        63.216896057128906, 
        -0.2670102119445801, 
        3.1171765327453613, 
        8.068970680236816
      ], 
      [
        47.12551498413086, 
        1.3081481456756592, 
        1.506321907043457, 
        9.453123092651367
      ], 
      [
        45.6838493347168, 
        0.05568302795290947, 
        -0.9523876905441284, 
        8.50034236907959
      ]
    ], 
    "selectedLeptonsP4": [
      [
        69.42440032958984, 
        1.4364558458328247, 
        -0.7729748487472534, 
        -0.0590943768620491
      ]
    ], 
    "selectedJetsCSV": [
      0.9483474493026733, 
      0.18093034625053406, 
      0.379468709230423, 
      0.9729493856430054
    ]
  }, 
  "event": {
    "blr": 0.05274522900887023, 
    "cat": "sl_j4_t2", 
    "run": 1, 
    "event": 10509290, 
    "lumi": 105593
  }, 
  "output": {
    "p_tth": 7.812685947514674e-15, 
    "p_ttbb": 1.3600349856186497e-14, 
    "p": 0.8517304739201226
  }
}


{
  "input": {
    "selectedLeptonsCharge": [
      -1
    ], 
    "metP4": [
      171.05581665039062, 
      -1.9520334005355835
    ], 
    "selectedJetsBTag": [
      1.0, 
      1.0, 
      1.0, 
      1.0
    ], 
    "selectedJetsP4": [
      [
        149.09580993652344, 
        -1.030025839805603, 
        1.655734896659851, 
        13.064416885375977
      ], 
      [
        36.36994171142578, 
        0.36246806383132935, 
        -0.36784085631370544, 
        8.861248016357422
      ], 
      [
        31.833433151245117, 
        -0.4470765292644501, 
        0.7013274431228638, 
        7.272162437438965
      ], 
      [
        30.34172248840332, 
        -1.1000659465789795, 
        2.499886989593506, 
        6.061129570007324
      ]
    ], 
    "selectedLeptonsP4": [
      [
        38.23634719848633, 
        -0.4570569694042206, 
        -1.5927985906600952, 
        0.10570000112056732
      ]
    ], 
    "selectedJetsCSV": [
      0.9808914661407471, 
      0.4096747636795044, 
      0.5303905010223389, 
      0.9994615316390991
    ]
  },